Number ;of played ;games by ;days:
Played in;1 day;0
Played in;2 day;0
Played in;3 day;0
Played in;4 day;0
Played in;5 day;0
Played in;6 day;0
Played in;7 day;0
Played in;8 day;0
Played in;9 day;0
Played in;10 day;0
Played in;11 day;0
Played in;12 day;0
Played in;13 day;0
Played in;14 day;0
Played in;15 day;0
Played in;16 day;1
Played in;17 day;1
Played in;18 day;10
Played in;19 day;9
Played in;20 day;0
Played in;21 day;0
Played in;22 day;10
Played in;23 day;9
Played in;24 day;1
Played in;25 day;0
Played in;26 day;0
Played in;27 day;0
Played in;28 day;0
Played in;29 day;0
Played in;30 day;0
Played in;31 day;0

Ratio bidd ;/earning by ;days:
1; day ;0
2; day ;0
3; day ;0
4; day ;0
5; day ;0
6; day ;0
7; day ;0
8; day ;0
9; day ;0
10; day ;0
11; day ;0
12; day ;0
13; day ;0
14; day ;0
15; day ;0
16; day ;2.222
17; day ;2.222
18; day ;2.222
19; day ;2.222
20; day ;0
21; day ;0
22; day ;22.22
23; day ;10
24; day ;3.333
25; day ;0
26; day ;0
27; day ;0
28; day ;0
29; day ;0
30; day ;0
31; day ;0

Earning:
1; day;0
2; day;0
3; day;0
4; day;0
5; day;0
6; day;0
7; day;0
8; day;0
9; day;0
10; day;0
11; day;0
12; day;0
13; day;0
14; day;0
15; day;0
16; day;-4.5
17; day;-4.5
18; day;-45
19; day;-40.5
20; day;0
21; day;0
22; day;85.5
23; day;51
24; day;-3
25; day;0
26; day;0
27; day;0
28; day;0
29; day;0
30; day;0
31; day;0

Played; time:
16_8_2015; ;0:0:3
17_8_2015; ;0:0:2
18_8_2015; ;0:1:12
19_8_2015; ;0:9:7
22_8_2015; ;0:6:55
23_8_2015; ;0:3:45
24_8_2015; ;0:1:31

Statistic;for all month:
Monthly;winning;39

Play time;for month;0:22:35

Profit by;play hours;103.6

Profit by;hours;0.05242
