Played in;1 day;0
Played in;2 day;0
Played in;3 day;0
Played in;4 day;0
Played in;5 day;0
Played in;6 day;0
Played in;7 day;0
Played in;8 day;0
Played in;9 day;0
Played in;10 day;0
Played in;11 day;0
Played in;12 day;0
Played in;13 day;0
Played in;14 day;0
Played in;15 day;0
Played in;16 day;0
Played in;17 day;0
Played in;18 day;0
Played in;19 day;0
Played in;20 day;0
Played in;21 day;0
Played in;22 day;0
Played in;23 day;0
Played in;24 day;0
Played in;25 day;0
Played in;26 day;0
Played in;27 day;0
Played in;28 day;0
Played in;29 day;0
Played in;30 day;0
Played in;31 day;0

1 day bidd;/ earning;0
2 day bidd;/ earning;0
3 day bidd;/ earning;0
4 day bidd;/ earning;0
5 day bidd;/ earning;0
6 day bidd;/ earning;0
7 day bidd;/ earning;0
8 day bidd;/ earning;0
9 day bidd;/ earning;0
10 day bidd;/ earning;0
11 day bidd;/ earning;0
12 day bidd;/ earning;0
13 day bidd;/ earning;0
14 day bidd;/ earning;0
15 day bidd;/ earning;0
16 day bidd;/ earning;0
17 day bidd;/ earning;0
18 day bidd;/ earning;0
19 day bidd;/ earning;0
20 day bidd;/ earning;0
21 day bidd;/ earning;0
22 day bidd;/ earning;0
23 day bidd;/ earning;0
24 day bidd;/ earning;0
25 day bidd;/ earning;0
26 day bidd;/ earning;0
27 day bidd;/ earning;0
28 day bidd;/ earning;0
29 day bidd;/ earning;0
30 day bidd;/ earning;0
31 day bidd;/ earning;0

1 day;wining;0
2 day;wining;0
3 day;wining;0
4 day;wining;0
5 day;wining;0
6 day;wining;0
7 day;wining;0
8 day;wining;0
9 day;wining;0
10 day;wining;0
11 day;wining;0
12 day;wining;0
13 day;wining;0
14 day;wining;0
15 day;wining;0
16 day;wining;0
17 day;wining;0
18 day;wining;0
19 day;wining;0
20 day;wining;0
21 day;wining;0
22 day;wining;0
23 day;wining;0
24 day;wining;0
25 day;wining;0
26 day;wining;0
27 day;wining;0
28 day;wining;0
29 day;wining;0
30 day;wining;0
31 day;wining;0


Monthly;winning;0

Play time;for month;0:0:0

Profit by;play hours;0

Profit by;hours;0
