Between ;0 and 1;0;
Between ;1 and 2;0;
Between ;2 and 3;0;
Between ;3 and 4;0;
Between ;4 and 5;0;
Between ;5 and 6;0;
Between ;6 and 7;0;
Between ;7 and 8;0;
Between ;8 and 9;0;
Between ;9 and 10;0;
Between ;10 and 11;0;
Between ;11 and 12;0;
Between ;12 and 13;0;
Between ;13 and 14;0;
Between ;14 and 15;0;
Between ;15 and 16;0;
Between ;16 and 17;0;
Between ;17 and 18;0;
Between ;18 and 19;10;
Between ;19 and 20;0;
Between ;20 and 21;0;
Between ;21 and 22;0;
Between ;22 and 23;0;
Between ;23 and 24;0;

Real  /;Expect;1 to 13
Real  /;Expect;1 to 15
Real  /;Expect;1 to 13
Real  /;Expect;1 to 1
Real  /;Expect;1 to 1
Real  /;Expect;1 to 3
Real  /;Expect;1 to 1
Real  /;Expect;1 to 11
Real  /;Expect;1 to 7
Real  /;Expect;1 to 3

bid /;profit;22.2222

Profit for;day;85.5

Play time;;6:55

Profit per;play hour;741.687

Profit per;hour;3.5625
