Games; by hour:
Between ;0 and 1;0;
Between ;1 and 2;0;
Between ;2 and 3;0;
Between ;3 and 4;0;
Between ;4 and 5;0;
Between ;5 and 6;0;
Between ;6 and 7;0;
Between ;7 and 8;0;
Between ;8 and 9;0;
Between ;9 and 10;0;
Between ;10 and 11;0;
Between ;11 and 12;0;
Between ;12 and 13;0;
Between ;13 and 14;0;
Between ;14 and 15;0;
Between ;15 and 16;0;
Between ;16 and 17;0;
Between ;17 and 18;0;
Between ;18 and 19;0;
Between ;19 and 20;0;
Between ;20 and 21;0;
Between ;21 and 22;1;
Between ;22 and 23;8;
Between ;23 and 24;7;

Duration:
Real  /;Expect;1 to 12
Real  /;Expect;1 to 10
Real  /;Expect;1 to 36
Real  /;Expect;1 to 9
Real  /;Expect;1 to 25
Real  /;Expect;1 to 4
Real  /;Expect;1 to 5
Real  /;Expect;1 to 17
Real  /;Expect;1 to 22
Real  /;Expect;1 to 10
Real  /;Expect;1 to 13
Real  /;Expect;1 to 16
Real  /;Expect;1 to 7
Real  /;Expect;1 to 15
Real  /;Expect;1 to 13
Real  /;Expect;1 to 30

Statistic; for full; day:
bid /;profit ;1 to 11.21

Profit for;day;101.4

Play time;;4:6

Profit per;play hour;1483

Profit per;hour;4.224
