Number ;of played ;games by ;days:
Played in;1 day;0
Played in;2 day;0
Played in;3 day;0
Played in;4 day;0
Played in;5 day;0
Played in;6 day;0
Played in;7 day;0
Played in;8 day;0
Played in;9 day;0
Played in;10 day;0
Played in;11 day;0
Played in;12 day;0
Played in;13 day;0
Played in;14 day;0
Played in;15 day;0
Played in;16 day;0
Played in;17 day;0
Played in;18 day;0
Played in;19 day;0
Played in;20 day;0
Played in;21 day;0
Played in;22 day;0
Played in;23 day;16
Played in;24 day;13
Played in;25 day;0
Played in;26 day;0
Played in;27 day;0
Played in;28 day;0
Played in;29 day;0
Played in;30 day;0
Played in;31 day;0

Ratio bidd ;/earning by ;days:
1; day ;0
2; day ;0
3; day ;0
4; day ;0
5; day ;0
6; day ;0
7; day ;0
8; day ;0
9; day ;0
10; day ;0
11; day ;0
12; day ;0
13; day ;0
14; day ;0
15; day ;0
16; day ;0
17; day ;0
18; day ;0
19; day ;0
20; day ;0
21; day ;0
22; day ;0
23; day ;11.21
24; day ;27.67
25; day ;0
26; day ;0
27; day ;0
28; day ;0
29; day ;0
30; day ;0
31; day ;0

Earning:
1; day;0
2; day;0
3; day;0
4; day;0
5; day;0
6; day;0
7; day;0
8; day;0
9; day;0
10; day;0
11; day;0
12; day;0
13; day;0
14; day;0
15; day;0
16; day;0
17; day;0
18; day;0
19; day;0
20; day;0
21; day;0
22; day;0
23; day;101.4
24; day;100
25; day;0
26; day;0
27; day;0
28; day;0
29; day;0
30; day;0
31; day;0

Played; time:
23_8_2015; ;0:4:6
24_8_2015; ;0:7:53

Statistic;for all month:
Monthly;winning;201.4

Play time;for month;0:11:59

Profit by;play hours;1008

Profit by;hours;0.2707
